" Bradley Byrne",2016,AL01,1366370,0," R",1366370
" Martha Roby",2016,AL02,1381821,48.8," R",1381821
" Mike D Rogers",2016,AL03,1137285,0," R",1147095
" Jesse Smith",2016,AL03,9810,32.9," D",1147095
" Robert B Aderholt",2016,AL04,1433641,0," R",1433641
" Mo Brooks",2016,AL05,475500,66.7," R",536622
" Will Boyd",2016,AL05,61122,33.2," D",536622
" Gary Palmer",2016,AL06,1201855,74.5," R",1286834
" David Putman",2016,AL06,84979,25.4," D",1286834
" Terri A Sewell",2016,AL07,1613552,0," D",1613552
" Don Young",2016,AK01,1095211,50.3," R",2183358
" Steve Lindbeck",2016,AK01,1088147,36," D",2183358
" Tom OHalleran",2016,AZ01,1596669,50.7," D",2899562
" Paul Babeu",2016,AZ01,1272893,43.4," R",2899562
" Brian Malnes",2016,AZ01,30000,0," I",2899562
" Martha McSally",2016,AZ02,7699932,57," R",9276055
" Matt Heinz",2016,AZ02,1576123,43," D",9276055
" Raul M Grijalva",2016,AZ03,658782,0," D",658782
" Paul Gosar",2016,AZ04,702261,71.5," R",738305
" Mikel Weisser",2016,AZ04,36044,28.5," D",738305
" Andy Biggs",2016,AZ05,994666,64.1," R",1013324
" Talia Fuentes",2016,AZ05,18658,35.9," D",1013324
" David Schweikert",2016,AZ06,587747,62.1," R",594218
" Walter John Williamson",2016,AZ06,6471,0," D",594218
" Ruben Gallego",2016,AZ07,1088292,75.2," D",1121903
" Eve Nunez",2016,AZ07,33611,24.7," R",1121903
" Trent Franks",2016,AZ08,265863,68.5," R",265863
" Kyrsten Sinema",2016,AZ09,4171189,60.9," D",4423788
" Dave Giles",2016,AZ09,252599,39.1," R",4423788
" Rick Crawford",2016,AR01,669502,76.3," R",669502
" French Hill",2016,AR02,2199132,58.4," R",2234922
" Dianne Curry",2016,AR02,35790,36.8," D",2234922
" Steve Womack",2016,AR03,930982,77.3," R",930982
" Bruce Westerman",2016,AR04,715778,74.9," R",715778
" Doug LaMalfa",2016,CA01,791830,59.1," R",925145
" Jim Reed",2016,CA01,133315,40.9," D",925145
" Jared Huffman",2016,CA02,962597,76.9," D",965861
" Dale Kenneth Mensing",2016,CA02,3264,0," R",965861
" John Garamendi",2016,CA03,1139600,59.4," D",1521604
" N Eugene Cleek",2016,CA03,382004,0," R",1521604
" Tom McClintock",2016,CA04,1039359,62.7," R",1144564
" Robert Derlet",2016,CA04,105205,0," D",1144564
" Mike Thompson",2016,CA05,2036950,76.9," D",2039650
" Carlos J Santamaria",2016,CA05,2700,0," R",2039650
" Doris O Matsui",2016,CA06,1103091,0," D",1105996
" Robert S Evans",2016,CA06,2905,0," R",1105996
" Ami Bera",2016,CA07,4078146,51.2," D",5432665
" Scott Jones",2016,CA07,1354519,48.8," R",5432665
" Paul Cook",2016,CA08,935283,62.3," R",971026
" Rita Ramirez",2016,CA08,35743,37.7," D",971026
" Jerry McNerney",2016,CA09,1214703,57.4," D",1276070
" Tony Amador",2016,CA09,61367,42.6," R",1276070
" Jeff Denham",2016,CA10,3336740,51.7," R",4941252
" Michael Eggman",2016,CA10,1604512,48.3," D",4941252
" Mark Desaulnier",2016,CA11,625213,0," D",633260
" Roger Petersen",2016,CA11,8047,27.9," R",633260
" Nancy Pelosi",2016,CA12,4318119,80.9," D",4328934
" Robert Miller",2016,CA12,10815,0," R",4328934
" Barbara Lee",2016,CA13,1316688,90.8," D",1321209
" Suzanne Caro",2016,CA13,4521,0," R",1321209
" Jackie Speier",2016,CA14,874154,80.9," D",874154
" Eric Swalwell",2016,CA15,1935517,73.8," D",1936150
" Danny Turner",2016,CA15,633,26.2," R",1936150
" Jim Costa",2016,CA16,1749101,58," D",2275221
" Johnny Tacherra",2016,CA16,526120,42," R",2275221
" Mike Honda",2016,CA17,2964838,39," D",6672110
" Ro Khanna",2016,CA17,3707272,61," D",6672110
" Anna Eshoo",2016,CA18,1370037,71.1," D",1389255
" Richard Fox",2016,CA18,19218,28.9," R",1389255
" Zoe Lofgren",2016,CA19,1371445,73.9," D",1376945
" Gordon Lancaster",2016,CA19,5500,0," R",1376945
" Jimmy Panetta",2016,CA20,1410118,70.8," D",1830377
" Casey Lucius",2016,CA20,420259,29.2," R",1830377
" David Valadao",2016,CA21,2768474,56.7," R",3536229
" Emilio Huerta",2016,CA21,767755,43.3," D",3536229
" Devin Nunes",2016,CA22,2459235,67.6," R",2459235
" Kevin McCarthy",2016,CA23,7735577,69.2," R",7770866
" Wendy Reed",2016,CA23,35289,30.8," D",7770866
" Salud Carbajal",2016,CA24,3094060,53.4," D",5411666
" Justin Fareed",2016,CA24,2317606,46.6," R",5411666
" Steve Knight",2016,CA25,1707535,53.1," R",3382615
" Bryan Caforio",2016,CA25,1675080,46.9," D",3382615
" Julia Brownley",2016,CA26,3290603,60.4," D",3474800
" Rafael Dagnesses",2016,CA26,184197,39.6," R",3474800
" Judy Chu",2016,CA27,1170205,67.4," D",1351371
" Jack Orswell",2016,CA27,181166,32.6," R",1351371
" Adam Schiff",2016,CA28,968263,78," D",968263
" Tony Cardenas",2016,CA29,1698961,0," D",1768795
" Richard Alarcon",2016,CA29,69834,25.3," D",1768795
" Brad Sherman",2016,CA30,1556653,72.6," D",1556653
" Pete Aguilar",2016,CA31,2891161,56.1," D",3512780
" Paul Chabot",2016,CA31,621619,43.9," R",3512780
" Grace Napolitano",2016,CA32,736481,61.6," D",851623
" Roger Hernandez",2016,CA32,115142,38.4," D",851623
" Ted Lieu",2016,CA33,2029612,66.4," D",2105140
" Kenneth Wright",2016,CA33,75528,33.6," R",2105140
" Xavier Becerra",2016,CA34,1853640,77.2," D",1853660
" Adrienne Edwards",2016,CA34,20,22.8," D",1853660
" Norma Torres",2016,CA35,607680,72.4," D",611428
" Tyler R Fischella",2016,CA35,3748,0," R",611428
" Raul Ruiz",2016,CA36,3161739,62.1," D",3523776
" Jeff Stone",2016,CA36,362037,37.9," R",3523776
" Karen Bass",2016,CA37,643072,81.1," D",643072
" Linda Sanchez",2016,CA38,1472078,0," D",1472078
" Ed Royce",2016,CA39,4436570,57.2," R",4515453
" Brett Murdock",2016,CA39,78883,42.8," D",4515453
" Lucille Roybal-Allard",2016,CA40,655433,71.4," D",655433
" Mark A Takano",2016,CA41,1064415,0," D",1316399
" Doug Shepherd",2016,CA41,251984,35," R",1316399
" Ken Calvert",2016,CA42,1443899,58.8," R",1582295
" Tim Sheridan",2016,CA42,138396,41.2," D",1582295
" Maxine Waters",2016,CA43,953624,76.1," D",956470
" Omar Navarro",2016,CA43,2846,23.9," R",956470
" Nanette Barragan",2016,CA44,1892341,0," D",3748571
" Isadore Hall",2016,CA44,1856230,0," D",3748571
" Mimi Walters",2016,CA45,1950502,58.6," R",1915805
" Ron Varasteh",2016,CA45,-34697,41.4," D",1915805
" Lou Correa",2016,CA46,920889,70," D",1190813
" Bao Nguyen",2016,CA46,269924,30," D",1190813
" Alan Lowenthal",2016,CA47,721829,63.7," D",791792
" Andrew Whallon",2016,CA47,69963,0," R",791792
" Dana Rohrabacher",2016,CA48,874820,58.3," R",984664
" Sue Savary",2016,CA48,109844,0," D",984664
" Darrell Issa",2016,CA49,2854882,50.3," R",4959115
" Douglas L. Applegate",2016,CA49,2104233,0," D",4959115
" Duncan D Hunter",2016,CA50,1194881,0," R",1221897
" Patrick Malloy",2016,CA50,27016,36.5," D",1221897
" Juan Vargas",2016,CA51,970275,72.8," D",1045071
" Juan Hidalgo",2016,CA51,74796,27.2," R",1045071
" Scott Peters",2016,CA52,3508602,56.5," D",4896920
" Denise Gitsham",2016,CA52,1388318,43.5," R",4896920
" Susan A Davis",2016,CA53,485039,0," D",605825
" James Veltmeyer",2016,CA53,120786,33," R",605825
" Diana DeGette",2016,CO01,1255486,67.9," D",1316529
" Casper Stokham",2016,CO01,61043,0," R",1316529
" Jared Polis",2016,CO02,1383484,56.9," D",1550600
" Nicholas Morse",2016,CO02,167116,0," R",1550600
" Scott Tipton",2016,CO03,1903931,54.6," R",3591238
" Gail Schwartz",2016,CO03,1687307,40.4," D",3591238
" Kenneth R Buck",2016,CO04,1011676,0," R",1085214
" Bob Seay",2016,CO04,73538,31.5," D",1085214
" Douglas L Lamborn",2016,CO05,587901,0," R",601431
" Misty Plowright",2016,CO05,13530,30.8," D",601431
" Mike Coffman",2016,CO06,3515601,50.9," R",6649174
" Morgan Carroll",2016,CO06,3133573,42.6," D",6649174
" Ed Perlmutter",2016,CO07,1891982,55.2," D",1945336
" George Anthanasopoulos",2016,CO07,53354,0," R",1945336
" John B Larson",2016,CT01,1613789,0," D",1632279
" Matthew Corey",2016,CT01,18490,33.8," R",1632279
" Joe Courtney",2016,CT02,1196029,63.2," D",1246947
" Daria Novak",2016,CT02,50918,33.7," R",1246947
" Rosa L DeLauro",2016,CT03,1141323,0," D",1141323
" Jim Himes",2016,CT04,2121424,59.9," D",2273063
" John Shaban",2016,CT04,151639,40.1," R",2273063
" Elizabeth Esty",2016,CT05,1826049,58," D",1929762
" Clay Cope",2016,CT05,103713,42," R",1929762
" Matt Gaetz",2016,FL01,1129050,69.1," R",1191013
" Steven Specht",2016,FL01,61750,30.9," D",1191013
" Elizabeth Schrey",2016,FL01,213,0," I",1191013
" Neal Dunn",2016,FL02,1968334,67.3," R",2106105
" Walt Dartland",2016,FL02,129924,0," D",2106105
" Rob Lapham",2016,FL02,7847,0," L",2106105
" Ted Yoho",2016,FL03,811470,56.6," R",1412952
" Ken McGurn",2016,FL03,601482,39.8," D",1412952
" John Rutherford",2016,FL04,834630,70.2," R",884824
" David E Bruderly",2016,FL04,50194,0," D",884824
" Al Lawson",2016,FL05,442097,64.2," D",531274
" Glo Smith",2016,FL05,89177,35.8," R",531274
" Ron DeSantis",2016,FL06,4678618,58.6," R",4719868
" William McCullough",2016,FL06,41250,0," D",4719868
" John L Mica",2016,FL07,1624556,0," R",2699031
" Stephanie Murphy",2016,FL07,1074475,51.5," D",2699031
" Bill Posey",2016,FL08,888494,63.1," R",934235
" Bill Stinson",2016,FL08,20500,0," I",934235
" Corry Westbrook",2016,FL08,25241,32.6," D",934235
" Darren Soto",2016,FL09,1186420,57.5," D",1218852
" Wayne Liebnitzky",2016,FL09,32432,42.5," R",1218852
" Val Demings",2016,FL10,162468,64.9," D",213148
" Thuy Lowe",2016,FL10,50680,35.1," R",213148
" David Koller",2016,FL11,49745,0," D",921234
" Matt Schnackenberg",2016,FL11,1611,0," L",921234
" Daniel Webster",2016,FL11,869878,0," R",921234
" Gus Bilirakis",2016,FL12,1406331,68.6," R",1454249
" Robert Tager",2016,FL12,47918,31.4," D",1454249
" David Jolly",2016,FL13,1936036,48.1," R",4009593
" Charlie Crist",2016,FL13,2073557,51.9," D",4009593
" Kathy Castor",2016,FL14,731882,61.8," D",761166
" Christine Quinn",2016,FL14,29284,38.2," R",761166
" Dennis Ross",2016,FL15,1215627,57.5," R",1255545
" Jim Lange",2016,FL15,39918,42.5," D",1255545
" Vernon Buchanan",2016,FL16,1620551,0," R",1691424
" Jan Schneider",2016,FL16,70873,40.2," D",1691424
" Tom Rooney",2016,FL17,626812,61.8," R",760730
" April Freeman",2016,FL17,133918,34.2," D",760730
" Randy Perkins",2016,FL18,10838958,43.1," D",13811773
" Brian Mast",2016,FL18,2948071,53.6," R",13811773
" Carla Spalding",2016,FL18,24744,0," I",13811773
" Francis Rooney",2016,FL19,5142734,65.9," R",5157124
" Robert M Neeld Jr.",2016,FL19,14390,0," D",5157124
" Alcee L Hastings",2016,FL20,798156,0," D",798156
" Lois J Frankel",2016,FL21,1639413,0," D",1666140
" Paul Spain",2016,FL21,26727,35.1," R",1666140
" Ted Deutch",2016,FL22,1508992,58.9," D",1530806
" Andrea Leigh McGee",2016,FL22,21814,41.1," R",1530806
" Debbie Wasserman Schultz",2016,FL23,4009404,56.7," D",4151720
" Joe Kaufman",2016,FL23,123221,40.5," R",4151720
" Donald Endriss",2016,FL23,10000,0," I",4151720
" Lyle Milstein",2016,FL23,9095,0," I",4151720
" Frederica Wilson",2016,FL24,483780,100," D",483780
" Lisa Blunt Rochester",2016,DE01,1514464,55.5," D",3232050
" Bryan Townsend",2016,DE01,757963,0," D",3232050
" Sean Barney",2016,DE01,740579,0," D",3232050
" Hans Reigle",2016,DE01,219044,41," R",3232050
" Buddy Carter",2016,GA01,1004345,100," R",1004345
" Sanford Bishop",2016,GA02,1111034,61.2," D",1156569
" Greg Duke",2016,GA02,45535,38.8," R",1156569
" Drew Ferguson",2016,GA03,1255495,68.4," R",1758432
" Mike Crane",2016,GA03,502937,0," R",1758432
" Hank Johnson",2016,GA04,502696,75.7," D",502696
" John Lewis",2016,GA05,1085379,84.4," D",1095648
" Doug Bell",2016,GA05,10269,0," R",1095648
" Tom Price",2016,GA06,2336891,61.7," R",2336891
" Rob Woodall",2016,GA07,660854,60.4," R",660854
" Austin Scott",2016,GA08,993499,67.6," R",993499
" Doug Collins",2016,GA09,1231709,100," R",1231709
" Jody B Hice",2016,GA10,490282,0," R",490282
" Barry Loudermilk",2016,GA11,831875,67.4," R",831875
" Richard W Allen",2016,GA12,1142250,0," R",1162896
" Tricia Carpenter McCracken",2016,GA12,20646,0," D",1162896
" David Scott",2016,GA13,1227572,100," D",1227572
" Tom Graves",2016,GA14,1347311,100," R",1347311
" Colleen Hanabusa",2016,HI01,972277,71.9," D",972277
" Tulsi Gabbard",2016,HI02,2220302,81.2," D",2220302
" Raul Labrador",2016,ID01,491520,0," R",801503
" James Piotrowski",2016,ID01,309983,31.8," D",801503
" Mike Simpson",2016,ID02,1013933,62.9," R",1015372
" Anthony Tomkins",2016,ID02,1439,0," I",1015372
" Bobby L Rush",2016,IL01,586080,0," D",606736
" August Deuser",2016,IL01,20656,25.9," R",606736
" Robin Kelly",2016,IL02,1098719,79.8," D",1098719
" Daniel Lipinski",2016,IL03,880695,0," D",880695
" Luis V Gutierrez",2016,IL04,523671,0," D",523671
" Mike Quigley",2016,IL05,1010343,67.8," D",1014942
" Warren Grimsley",2016,IL05,4599,0," 3",1014942
" Peter Roskam",2016,IL06,2988266,59.2," R",3082209
" Amanda Howland",2016,IL06,93943,40.8," D",3082209
" Danny K Davis",2016,IL07,552638,0," D",552638
" Raja Krishnamoorthi",2016,IL08,3562107,58.3," D",3838812
" Peter Dicianni",2016,IL08,273875,0," R",3838812
" William Fraser",2016,IL08,2830,0," I",3838812
" Jan Schakowsky",2016,IL09,1365195,66.5," D",1563525
" Joan McCarthy Lasonde",2016,IL09,198330,33.5," R",1563525
" Bob Dold",2016,IL10,5410425,47.4," R",10482033
" Brad Schneider",2016,IL10,5071608,52.6," D",10482033
" Bill Foster",2016,IL11,2886538,60.4," D",3633439
" Tonia Khouri",2016,IL11,746901,39.6," R",3633439
" Mike Bost",2016,IL12,2313250,54.3," R",3313586
" Charles John Baricevic",2016,IL12,1000336,0," D",3313586
" Rodney Davis",2016,IL13,2626499,59.7," R",2678203
" Mark Wicklund",2016,IL13,26683,40.3," D",2678203
" David Gill",2016,IL13,25021,0," I",2678203
" Randy Hultgren",2016,IL14,1179173,59.3," R",1199112
" Jim Walz",2016,IL14,19939,40.7," D",1199112
" John M Shimkus",2016,IL15,3199189,0," R",3199189
" Adam Kinzinger",2016,IL16,1820746,99.9," R",1820746
" Cheri Bustos",2016,IL17,3504463,60.3," D",3504463
" Darin LaHood",2016,IL18,2529337,72.1," R",2587907
" Junius Rodriguez",2016,IL18,58570,27.9," D",2587907
" Pete Visclosky",2016,IN01,1009761,81.5," D",1009761
" Jackie Walorski",2016,IN02,1890177,59.3," R",2545784
" Lynn Coleman",2016,IN02,655607,36.9," D",2545784
" Jim Banks",2016,IN03,1741953,70.1," R",1741953
" Steven Mayoras",2016,IN04,1907,0," L",1431509
" Todd Rokita",2016,IN04,1429602,64.6," R",1431509
" Susan Brooks",2016,IN05,1725754,61.5," R",1881168
" Angela Demaree",2016,IN05,147943,34.3," D",1881168
" Matthew Wittlief",2016,IN05,7471,0," L",1881168
" Luke Messer",2016,IN06,1939107,69.1," R",1944758
" Barry Welsh",2016,IN06,5651,26.7," D",1944758
" Andre Carson",2016,IN07,1116364,0," D",1122394
" Catherine Ping",2016,IN07,6030,0," R",1122394
" Larry Bucshon",2016,IN08,978513,63.7," R",1004580
" Andrew Thompson",2016,IN08,16297,0," L",1004580
" Ron Drake",2016,IN08,9770,31.7," D",1004580
" Trey Hollingsworth",2016,IN09,3556124,54.1," R",4992186
" Shelli Yoder",2016,IN09,1436062,40.5," D",4992186
" Rod Blum",2016,IA01,1897637,53.8," R",4762056
" Monica Vernon",2016,IA01,2864419,46.2," D",4762056
" David Loebsack",2016,IA02,1608466,0," D",1825059
" Christopher Peters",2016,IA02,216593,46.3," R",1825059
" David Young",2016,IA03,2492691,53.5," R",4430474
" Jim Mowrer",2016,IA03,1937783,39.8," D",4430474
" Steven A King",2016,IA04,944683,0," R",1104309
" Kim Weaver",2016,IA04,159626,38.7," D",1104309
" Roger Marshall",2016,KS01,1506821,65.8," R",1639264
" Alan LaPolice",2016,KS01,132443,26.2," I",1639264
" Lynn Jenkins",2016,KS02,2193765,60.9," R",2193765
" Kevin Yoder",2016,KS03,3223942,51.3," R",3797176
" Jay Sidie",2016,KS03,573234,40.6," D",3797176
" Mike Pompeo",2016,KS04,1451695,61.6," R",1813440
" Dan Giroux",2016,KS04,262986,29.6," D",1813440
" Miranda Allen",2016,KS04,98759,0," I",1813440
" James Comer",2016,KY01,1053372,72.6," R",1067997
" Samuel Lewis Gaskins",2016,KY01,14625,0," D",1067997
" Brett Guthrie",2016,KY02,1719574,100," R",1719574
" John A Yarmuth",2016,KY03,690576,0," D",698101
" Harold Bratcher",2016,KY03,7525,36.5," R",698101
" Thomas Massie",2016,KY04,463955,71.3," R",463955
" Hal Rogers",2016,KY05,1314305,100," R",1315455
" John Burk Jr",2016,KY05,1150,0," R",1315455
" Andy Barr",2016,KY06,2519652,61.1," R",2973841
" Nancy Jo Kemper",2016,KY06,454189,38.9," D",2973841
" Steve Scalise",2016,LA01,3565928,74.6," R",3573637
" Danil Faust",2016,LA01,7709,0," D",3573637
" Cedric Richmond",2016,LA02,1399143,69.8," D",1452893
" Kip Holden",2016,LA02,53750,20.1," D",1452893
" Scott Angelle",2016,LA03,1780889,28.5," R",3825401
" Gus Rantz",2016,LA03,706670,8," R",3825401
" Greg Ellison",2016,LA03,508609,7.8," R",3825401
" Clay Higgins",2016,LA03,403655,26.5," R",3825401
" Erick Knezek",2016,LA03,179515,0," R",3825401
" Brett Geymann",2016,LA03,139365,6.8," R",3825401
" Grover Rees",2016,LA03,90437,0," R",3825401
" Larry Rader",2016,LA03,16261,8.7," D",3825401
" Mike Johnson",2016,LA04,1133112,24.7," R",4397677
" Elbert Guillory",2016,LA04,1101369,7.3," R",4397677
" Trey Baucum",2016,LA04,779534,17.6," R",4397677
" Oliver Jenkins",2016,LA04,752995,15.6," R",4397677
" J Marshall Jones Jr.",2016,LA04,451167,0," D",4397677
" Rick John",2016,LA04,179500,0," R",4397677
" Ralph Abraham",2016,LA05,577493,81.6," R",577493
" Garret Graves",2016,LA06,1925196,62.7," R",1928139
" Bob Bell",2016,LA06,2943,0," R",1928139
" Chellie Pingree",2016,ME01,609680,58," D",712908
" Mark Holbrook",2016,ME01,103228,42," R",712908
" Bruce Poliquin",2016,ME02,3385351,54.8," R",6860670
" Emily Cain",2016,ME02,3475319,45.2," D",6860670
" Andy Harris",2016,MD01,1290564,67," R",1290564
" Dutch Ruppersberger",2016,MD02,1135835,62.1," D",1377414
" Pat McDonough",2016,MD02,241579,33.1," R",1377414
" John Sarbanes",2016,MD03,946821,63.2," D",1549770
" Mark Plaster",2016,MD03,602949,33.9," R",1549770
" Anthony Brown",2016,MD04,1365089,0," D",1365089
" Steny H Hoyer",2016,MD05,3721894,0," D",3774448
" Mark Arness",2016,MD05,52554,29.4," R",3774448
" John K Delaney",2016,MD06,1951728,0," D",3124654
" Amie Hoeber",2016,MD06,1172926,40.1," R",3124654
" Elijah E Cummings",2016,MD07,1056238,0," D",1056238
" Jamie Raskin",2016,MD08,2544562,60.6," D",2634099
" Dan Cox",2016,MD08,74604,34.2," R",2634099
" Nancy Wallace",2016,MD08,14933,0," 3",2634099
" Richard E Neal",2016,MA01,1791836,0," D",1809686
" Thomas T Simmons",2016,MA01,17850,0," L",1809686
" James P McGovern",2016,MA02,928775,0," D",928775
" Niki Tsongas",2016,MA03,1200582,68.7," D",1241609
" Ann Wofford",2016,MA03,41027,31.2," R",1241609
" Joe Kennedy III",2016,MA04,3131066,0," D",3145525
" David Rosa",2016,MA04,14459,29.8," R",3145525
" Katherine Clark",2016,MA05,1313286,98.6," D",1313286
" Seth Moulton",2016,MA06,2595540,98.4," D",2595540
" Michael E Capuano",2016,MA07,753709,0," D",753709
" Stephen F Lynch",2016,MA08,1210584,0," D",1257975
" Bill Burke",2016,MA08,47391,0," R",1257975
" Bill Keating",2016,MA09,1199693,55.7," D",1533563
" Mark C Alliegro",2016,MA09,262025,0," R",1533563
" Paul J. Harrington",2016,MA09,63438,0," I",1533563
" Chris Cataldo",2016,MA09,8407,0," 3",1533563
" Lon Johnson",2016,MI01,2043201,40.1," D",3411639
" John Bergman",2016,MI01,1361864,0," R",3411639
" Diane Evelyn Bostow",2016,MI01,6574,0," L",3411639
" Bill Huizenga",2016,MI02,1193988,62.6," R",1209634
" Dennis B Murphy",2016,MI02,15646,0," D",1209634
" Justin Amash",2016,MI03,674288,59.5," R",704473
" Douglas Smith",2016,MI03,30185,37.5," D",704473
" John Moolenaar",2016,MI04,1050896,61.6," R",1050896
" Dan Kildee",2016,MI05,1087656,61.2," D",1087656
" Fred Upton",2016,MI06,2935518,58.7," R",4087498
" Paul Colin Clements",2016,MI06,1151980,0," D",4087498
" Tim Walberg",2016,MI07,2403861,55," R",4958349
" Gretchen Driskell",2016,MI07,2554488,40," D",4958349
" Mike Bishop",2016,MI08,1639970,56," R",2354251
" Melissa Gilbert",2016,MI08,714281,0," D",2354251
" Sander Levin",2016,MI09,1293278,57.9," D",1293278
" Paul Mitchell",2016,MI10,3979358,63.1," R",4027784
" Frank Accavitti Jr.",2016,MI10,48426,32.3," D",4027784
" Dave Trott",2016,MI11,1313731,52.9," R",2476467
" Anil Kumar",2016,MI11,1116535,40.2," D",2476467
" Kerry Bentivolio",2016,MI11,46201,0," I",2476467
" Debbie Dingell",2016,MI12,1173477,64.3," D",1215227
" Jeff Jones",2016,MI12,40861,29.3," R",1215227
" Tom Bagwell",2016,MI12,889,0," L",1215227
" John Conyers Jr.",2016,MI13,605324,0," D",605324
" Brenda Lawrence",2016,MI14,853134,78.5," D",853134
" Tim Walz",2016,MN01,1547890,50.3," D",1902094
" Jim Hagedorn",2016,MN01,354204,49.6," R",1902094
" Angie Craig",2016,MN02,4025326,45.2," D",5055811
" Jason Lewis",2016,MN02,1030485,47," R",5055811
" Erik Paulsen",2016,MN03,4939819,56.7," R",6910688
" Terri Bonoff",2016,MN03,1970869,43," D",6910688
" Betty McCollum",2016,MN04,915558,57.8," D",966851
" Greg Ryan",2016,MN04,51293,34.4," R",966851
" Keith Ellison",2016,MN05,2784931,69.1," D",2784931
" Tom Emmer",2016,MN06,1837927,65.6," R",1837927
" Collin Peterson",2016,MN07,1201913,52.5," D",1235400
" Dave Hughes",2016,MN07,19836,47.4," R",1235400
" Kevin Winge",2016,MN07,13651,0," 3",1235400
" Rick Nolan",2016,MN08,3029107,50.2," D",6607492
" Stewart Mills",2016,MN08,3578385,49.6," R",6607492
" Trent Kelly",2016,MS01,1053947,68.7," R",1053947
" Bennie G Thompson",2016,MS02,1029092,0," D",1029092
" Gregg Harper",2016,MS03,1007225,66.2," R",1007225
" Steven Palazzo",2016,MS04,778901,65," R",839978
" Mark Gladney",2016,MS04,61077,27.8," D",839978
" William L Clay Jr.",2016,MO01,656037,0," D",656037
" Ann L Wagner",2016,MO02,2313941,0," R",2775278
" Bill Otto",2016,MO02,461337,37.7," D",2775278
" Blaine Luetkemeyer",2016,MO03,1885992,67.8," R",1888655
" Doanita Simmons",2016,MO03,2663,0," 3",1888655
" Vicky Hartzler",2016,MO04,928063,67.8," R",1145075
" Gordon Christensen",2016,MO04,217012,27.8," D",1145075
" Emanuel Cleaver",2016,MO05,1141295,58.8," D",1265045
" Jacob Turk",2016,MO05,123750,38.2," R",1265045
" Sam Graves",2016,MO06,1521611,68," R",1521611
" Billy Long",2016,MO07,1460939,67.5," R",1481503
" Genevieve Williams",2016,MO07,20564,27.4," D",1481503
" Jason Smith",2016,MO08,1693053,0," R",1693053
" Ryan K Zinke",2016,MT01,5557720,0," R",8265010
" Denise Juneau",2016,MT01,2707290,40.5," D",8265010
" Jeff Fortenberry",2016,NE01,802161,69.5," R",802161
" Brad Ashford",2016,NE02,2502645,47.7," D",4106864
" Don Bacon",2016,NE02,1604219,48.9," R",4106864
" Adrian Smith",2016,NE03,1156745,100," R",1156745
" Dina Titus",2016,NV01,226668,61.9," D",226668
" Mark Amodei",2016,NV02,438591,58.3," R",441340
" Sharron Angle",2016,NV02,2749,0," R",441340
" Susie Lee",2016,NV03,315178,0," D",531531
" Victoria Seaman",2016,NV03,114008,0," R",531531
" Scott Hammond",2016,NV03,51700,0," R",531531
" David Owen McKeon",2016,NV03,39695,0," R",531531
" John Love",2016,NV03,10950,0," D",531531
" Ruben Kihuen",2016,NV04,770667,48.5," D",917271
" Stavros Anthony",2016,NV04,141145,0," R",917271
" Amy Vilela",2016,NV04,5459,0," D",917271
" Frank Guinta",2016,NH01,1514412,43," R",4529189
" Carol Shea-Porter",2016,NH01,1512316,44.3," D",4529189
" ""Shawn OConnor""",2016,NH01,1502461,0," I",4529189
" Ann Mclane Kuster",2016,NH02,3159505,0," D",3254948
" Jim Lawrence",2016,NH02,95443,45.3," R",3254948
" Don Norcross",2016,NJ01,2045596,0," D",2252883
" Robert W. Patterson",2016,NJ01,207287,0," R",2252883
" Frank A LoBiondo",2016,NJ02,1584413,0," R",1712293
" Dave Cole",2016,NJ02,127678,0," D",1712293
" James Keenan",2016,NJ02,202,0," I",1712293
" Thomas MacArthur",2016,NJ03,1913434,0," R",1914034
" Frederick Lavergne",2016,NJ03,600,0," D",1914034
" Chris Smith",2016,NJ04,725293,63.7," R",975827
" Lorna Phillipson",2016,NJ04,250534,33.5," D",975827
" Scott Garrett",2016,NJ05,2411570,46.7," R",7194032
" Josh Gottheimer",2016,NJ05,4782462,51.1," D",7194032
" Frank Pallone Jr.",2016,NJ06,2409149,0," D",2484923
" Brent J Sonnek-Schmelz",2016,NJ06,75774,0," R",2484923
" Leonard Lance",2016,NJ07,1118097,54.1," R",1438862
" Peter Jacob",2016,NJ07,320765,43.1," D",1438862
" Albio Sires",2016,NJ08,633397,77," D",633397
" Bill Pascrell Jr.",2016,NJ09,1674633,0," D",1774412
" Hector Castillo",2016,NJ09,99779,28," R",1774412
" Donald M Payne Jr.",2016,NJ10,533521,0," D",533521
" Rodney Frelinghuysen",2016,NJ11,1991920,58," R",1991920
" Bonnie Coleman",2016,NJ12,1095676,0," D",1095676
" Michelle Lujan Grisham",2016,NM01,1776951,0," D",1776951
" Steve Pearce",2016,NM02,1840393,62.7," R",2279516
" Merrie Lee Ms. Soules",2016,NM02,439123,0," D",2279516
" Ben R Lujan",2016,NM03,2107713,0," D",2204279
" Mike Romero",2016,NM03,96566,0," R",2204279
" Lee Zeldin",2016,NY01,4405395,58.9," R",8277854
" Anna Throne-Holst",2016,NY01,3872459,41," D",8277854
" Pete King",2016,NY02,1063928,0," R",1440157
" DuWayne Gregory",2016,NY02,376229,37.5," D",1440157
" Tom Suozzi",2016,NY03,2395911,52.8," D",3563781
" Jack Martins",2016,NY03,1167870,47.2," R",3563781
" Kathleen Rice",2016,NY04,2080991,59.5," D",2520936
" David Gurfein",2016,NY04,439945,40.4," R",2520936
" Gregory W Meeks",2016,NY05,987168,0," D",1034626
" ""Michael OReilly""",2016,NY05,47458,13," R",1034626
" Grace Meng",2016,NY06,1254504,72.1," D",1254504
" Nydia M Velazquez",2016,NY07,771209,0," D",771209
" Hakeem Jeffries",2016,NY08,1287260,93.2," D",1287260
" Yvette D Clarke",2016,NY09,681231,0," D",681231
" Jerrold Nadler",2016,NY10,1605567,0," D",1682065
" Philip Rosenthal",2016,NY10,74398,0," R",1682065
" Mikhail Itkis",2016,NY10,2100,0," I",1682065
" Dan Donovan",2016,NY11,1968168,61.5," R",1999317
" Richard Reichard",2016,NY11,31149,36.7," D",1999317
" Carolyn B Maloney",2016,NY12,1689237,0," D",1689237
" Adriano Espaillat",2016,NY13,801285,88.6," D",829505
" Scott Fenstermaker",2016,NY13,28220,0," I",829505
" Joseph Crowley",2016,NY14,2995004,0," D",3145004
" Frank Spotorno",2016,NY14,150000,17.1," R",3145004
" Jose E Serrano",2016,NY15,276469,0," D",276469
" Eliot L Engel",2016,NY16,1649420,0," D",1649420
" Nita M Lowey",2016,NY17,1705900,0," D",1705900
" Sean Patrick Maloney",2016,NY18,3568008,55.6," D",3792666
" Phil Oliva",2016,NY18,224658,44.4," R",3792666
" Zephyr Teachout",2016,NY19,5012422,45.7," D",8019940
" John Faso",2016,NY19,3007518,54.2," R",8019940
" Paul Tonko",2016,NY20,1154454,67.9," D",1154454
" Elise Stefanik",2016,NY21,3130388,65.3," R",4382258
" Mike Derrick",2016,NY21,1236807,30.1," D",4382258
" Matt Funicello",2016,NY21,15063,0," 3",4382258
" Martin Babinec",2016,NY22,3012164,11.8," 3",5641195
" Kim Myers",2016,NY22,1659858,41," D",5641195
" Claudia Tenney",2016,NY22,968767,46.5," R",5641195
" David Matthew Pasick",2016,NY22,406,0," L",5641195
" Tom Reed",2016,NY23,3101846,57.6," R",4732983
" John Plumb",2016,NY23,1631137,42.4," D",4732983
" John Katko",2016,NY24,2656070,60.5," R",4139238
" Colleen Deacon",2016,NY24,1483168,39.4," D",4139238
" Louise M Slaughter",2016,NY25,1409333,0," D",1419060
" Brandon Kirshner",2016,NY25,9727,0," I",1419060
" Brian M Higgins",2016,NY26,791467,0," D",791467
" Chris Collins",2016,NY27,670842,67.2," R",670842
" G K Butterfield",2016,NC01,1103963,0," D",1146623
" J.J. Summerell",2016,NC01,21512,0," L",1146623
" H. Powell Dew",2016,NC01,21148,29," R",1146623
" George Holding",2016,NC02,2695481,56.7," R",2780097
" John McNeil",2016,NC02,84616,43.3," D",2780097
" Walter B Jones Jr.",2016,NC03,673186,0," R",673186
" David Price",2016,NC04,785244,68.2," D",901213
" Sue Googe",2016,NC04,115969,31.8," R",901213
" Virginia Foxx",2016,NC05,1578744,58.4," R",1578744
" Mark Walker",2016,NC06,865499,59.2," R",959072
" Pete Glidewell",2016,NC06,93573,40.8," D",959072
" David Rouzer",2016,NC07,1328535,60.9," R",1343423
" J Wesley Casteen",2016,NC07,14888,0," D",1343423
" Richard Hudson",2016,NC08,2065162,58.8," R",2471309
" Thomas Mills",2016,NC08,406147,41.2," D",2471309
" Robert Pittenger",2016,NC09,1126358,58.2," R",1183703
" Christian Cano",2016,NC09,57345,41.8," D",1183703
" Patrick McHenry",2016,NC10,3192579,63.1," R",3488429
" Andy Millard",2016,NC10,295850,36.9," D",3488429
" Mark R Meadows",2016,NC11,530469,0," R",575755
" Rick Bryson",2016,NC11,45286,35.9," D",575755
" Alma Adams",2016,NC12,922093,67," D",963792
" Leon Threatt",2016,NC12,41699,33," R",963792
" Ted Budd",2016,NC13,594297,56.1," R",685196
" Bruce Davis",2016,NC13,90899,43.9," D",685196
" Kevin Cramer",2016,ND01,1405040,69.1," R",1630663
" Chase Iron Eyes",2016,ND01,225623,23.8," D",1630663
" Steve Chabot",2016,OH01,1012389,59.2," R",1258203
" Michele Young",2016,OH01,245814,40.8," D",1258203
" Brad Wenstrup",2016,OH02,1134919,65," R",1134919
" Joyce Beatty",2016,OH03,1166061,68.6," D",1166061
" Jim Jordan",2016,OH04,732366,68," R",817889
" Janet Garrett",2016,OH04,85523,32," D",817889
" Robert E Latta",2016,OH05,1053339,0," R",1053339
" Bill Johnson",2016,OH06,1667713,70.7," R",1679602
" Michael L. Lorentz",2016,OH06,11889,0," D",1679602
" Bob Gibbs",2016,OH07,899217,64," R",906946
" Roy Rich",2016,OH07,7729,29," D",906946
" Warren Davidson",2016,OH08,974240,68.8," R",977931
" Steven Fought",2016,OH08,3691,27," D",977931
" Marcy Kaptur",2016,OH09,898034,68.7," D",929418
" Donald Larson",2016,OH09,31384,31.3," R",929418
" Michael R Turner",2016,OH10,1050524,0," R",1081045
" Thomas Mcmasters",2016,OH10,22086,0," I",1081045
" Robert Klepinger",2016,OH10,8435,32.7," D",1081045
" Marcia L Fudge",2016,OH11,712648,0," D",734692
" Beverly A. Goldstein",2016,OH11,22044,19.8," R",734692
" Pat Tiberi",2016,OH12,4555939,66.6," R",4584389
" Ed Albertson",2016,OH12,28450,29.8," D",4584389
" Tim Ryan",2016,OH13,1024125,67.7," D",1024125
" David P Joyce",2016,OH14,2088216,0," R",2334455
" Michael Wager",2016,OH14,246239,37.4," D",2334455
" Steve Stivers",2016,OH15,2965260,66.2," R",3005241
" Scott Wharton",2016,OH15,39981,33.8," D",3005241
" Jim Renacci",2016,OH16,2088873,65.3," R",2101954
" Keith Mundy",2016,OH16,13081,34.7," D",2101954
" James Bridenstine",2016,OK01,922385,0," R",926885
" David Matthew Mr. Hullum",2016,OK01,4500,0," I",926885
" Markwayne Mullin",2016,OK02,1506086,70.6," R",1507983
" Aaron Davies",2016,OK02,1897,0," I",1507983
" Frank D Lucas",2016,OK03,1182119,0," R",1182119
" Tom Cole",2016,OK04,1804368,69.6," R",1804368
" Steven Russell",2016,OK05,865262,0," R",941853
" Tom Guild",2016,OK05,76457,0," D",941853
" Al McAffrey",2016,OK05,134,36.8," D",941853
" Suzanne Bonamici",2016,OR01,919183,59.6," D",919183
" Greg Walden",2016,OR02,3275202,71.7," R",3275202
" Earl Blumenauer",2016,OR03,1495563,71.8," D",1495563
" Peter DeFazio",2016,OR04,1484774,55.5," D",1540626
" Art Robinson",2016,OR04,55852,39.7," R",1540626
" Kurt Schrader",2016,OR05,1711097,53.5," D",1991029
" Colm Willis",2016,OR05,279932,43," R",1991029
" Robert A Brady",2016,PA01,755407,0," D",755407
" Dwight Evans",2016,PA02,1521148,90.2," D",1521148
" Mike Kelly",2016,PA03,1611552,0," R",1612428
" Zachary Michael Nickerson",2016,PA03,876,0," I",1612428
" Scott Perry",2016,PA04,676746,66.1," R",676746
" Glenn Thompson",2016,PA05,1201255,67.2," R",1308685
" Kerith Strano Taylor",2016,PA05,105296,32.8," D",1308685
" Julian Subick",2016,PA05,2134,0," I",1308685
" Ryan Costello",2016,PA06,2463529,57.3," R",2854771
" Mike Parrish",2016,PA06,391242,42.7," D",2854771
" Patrick Meehan",2016,PA07,2419636,0," R",2620798
" Mary Ellen Balchunis",2016,PA07,201162,40.5," D",2620798
" Steve Santarsiero",2016,PA08,2792763,45.6," D",4947709
" Brian Fitzpatrick",2016,PA08,2154946,54.4," R",4947709
" Bill Shuster",2016,PA09,4081437,63.4," R",4389535
" Art Halvorson",2016,PA09,308098,36.6," R",4389535
" Tom Marino",2016,PA10,1093770,70.2," R",1167088
" Michael Molesevich",2016,PA10,71898,0," D",1167088
" Jerry Kairnes",2016,PA10,1420,0," I",1167088
" Lou Barletta",2016,PA11,1309267,63.7," R",1441756
" Michael Marsicano",2016,PA11,132489,36.3," D",1441756
" Keith J Rothfus",2016,PA12,1734460,0," R",1970878
" Erin McClelland",2016,PA12,236418,38.2," D",1970878
" Brendan Boyle",2016,PA13,1041155,0," D",1041155
" Mike Doyle",2016,PA14,814619,74.4," D",814619
" Charlie Dent",2016,PA15,1661203,58.4," R",1683570
" Rick Daugherty",2016,PA15,22367,38," D",1683570
" Lloyd Smucker",2016,PA16,1487254,53.8," R",2674210
" Christina Hartman",2016,PA16,1186956,42.9," D",2674210
" Matt Cartwright",2016,PA17,967024,53.8," D",997602
" Matt Connolly",2016,PA17,30578,46.2," R",997602
" Tim Murphy",2016,PA18,1484901,0," R",1484901
" David Cicilline",2016,RI01,1505338,64.5," D",1608449
" Russ Taub",2016,RI01,103111,0," R",1608449
" Jim Langevin",2016,RI02,1139065,0," D",1146735
" Rhue Reis",2016,RI02,7670,30.7," R",1146735
" Mark Sanford",2016,SC01,741639,58.6," R",769201
" Dimitri Cherny",2016,SC01,27562,36.8," D",769201
" Joe Wilson",2016,SC02,1151887,60.3," R",1222022
" Arik Bjorn",2016,SC02,70135,35.9," D",1222022
" Jeff Duncan",2016,SC03,610666,72.8," R",621403
" Hosea Cleveland",2016,SC03,10737,27.1," D",621403
" Trey Gowdy",2016,SC04,1869294,67.2," R",1969531
" Chris Fedalei",2016,SC04,100237,31," D",1969531
" Mick Mulvaney",2016,SC05,1124594,59.2," R",1831402
" Francis J Person",2016,SC05,706808,0," D",1831402
" James E Clyburn",2016,SC06,2172542,0," D",2172542
" Tom Rice",2016,SC07,1082645,61," R",1173583
" Mal Hyman",2016,SC07,90938,39," D",1173583
" Kristi Noem",2016,SD01,2328820,64.1," R",2731560
" Paula Hawks",2016,SD01,402740,35.9," D",2731560
" Phil Roe",2016,TN01,399977,78.4," R",399977
" John J Duncan Jr.",2016,TN02,380238,0," R",380238
" Chuck Fleischmann",2016,TN03,1421141,66.4," R",1518360
" Melody Shekari",2016,TN03,97219,28.8," D",1518360
" Scott Desjarlais",2016,TN04,607523,0," R",657396
" Steven Reynolds",2016,TN04,49873,35," D",657396
" Jim Cooper",2016,TN05,646127,62.6," D",734247
" Stacy Ries Snyder",2016,TN05,88120,37.4," R",734247
" Diane Black",2016,TN06,1797183,71.1," R",1803387
" David W. Kent",2016,TN06,6204,0," D",1803387
" Marsha Blackburn",2016,TN07,2186668,72.2," R",2186668
" David Kustoff",2016,TN08,1331246,68.8," R",1331246
" Steve Cohen",2016,TN09,615135,78.7," D",615137
" Nicholas Mantanona",2016,TN09,2,0," I",615137
" Louis B Gohmert Jr.",2016,TX01,728592,0," R",741950
" Shirley McKellar",2016,TX01,13358,24.1," D",741950
" Ted Poe",2016,TX02,832428,60.6," R",842786
" Pat Bryan",2016,TX02,10358,36," D",842786
" Sam Johnson",2016,TX03,1098196,61.2," R",1098196
" John Lee Ratcliffe",2016,TX04,800862,0," R",800862
" Jeb Hensarling",2016,TX05,2237757,80.6," R",2237757
" Joe Barton",2016,TX06,1348350,58.3," R",1363260
" Ruby Woolridge",2016,TX06,14910,0," D",1363260
" John Culberson",2016,TX07,1214570,56.2," R",1282730
" James Cargas",2016,TX07,68160,43.8," D",1282730
" Kevin Brady",2016,TX08,4808899,100," R",4808899
" Al Green",2016,TX09,669207,80.6," D",669207
" Michael McCaul",2016,TX10,1661954,57.3," R",1668075
" Tawana W Cadien",2016,TX10,6121,0," D",1668075
" Mike Conaway",2016,TX11,1931946,89.5," R",1931946
" Kay Granger",2016,TX12,1414214,69.4," R",1414739
" Bill Bradshaw",2016,TX12,525,26.9," D",1414739
" Mac Thornberry",2016,TX13,1821479,90," R",1826246
" Jeff Ansel",2016,TX13,4767,0," I",1826246
" Randy Weber",2016,TX14,579289,61.9," R",599525
" Michael Cole",2016,TX14,20236,38.1," D",599525
" Vicente Gonzalez",2016,TX15,2425195,0," D",2441436
" Tim Westley",2016,TX15,16241,0," R",2441436
" ""Beto ORourke""",2016,TX16,585718,85.7," D",585718
" Bill Flores",2016,TX17,1513024,60.8," R",1551667
" Bill Matta",2016,TX17,38643,0," D",1551667
" Sheila Jackson Lee",2016,TX18,485724,73.5," D",521724
" Lori Bartley",2016,TX18,36000,23.6," R",521724
" Jodey Arrington",2016,TX19,1561023,86.7," R",1561023
" Joaquin Castro",2016,TX20,1192106,0," D",1192106
" Lamar Smith",2016,TX21,1536636,57," R",1607042
" Tom Wakely",2016,TX21,70406,36.5," D",1607042
" Pete Olson",2016,TX22,1517420,59.5," R",1542004
" Mark Gibson",2016,TX22,24584,40.5," D",1542004
" Will Hurd",2016,TX23,4061685,48.3," R",6214727
" Pete Gallego",2016,TX23,2153042,47," D",6214727
" Kenny Marchant",2016,TX24,983113,56.2," R",1004680
" Jan McDowell",2016,TX24,21567,39.3," D",1004680
" Roger Williams",2016,TX25,1692143,58.4," R",1745636
" Kathi Thomas",2016,TX25,53493,37.7," D",1745636
" Michael Burgess",2016,TX26,1356397,66.4," R",1356397
" Blake Farenthold",2016,TX27,1099143,61.7," R",1119548
" Roy Barrera",2016,TX27,20405,38.3," D",1119548
" Henry Cuellar",2016,TX28,1682664,66.2," D",1682664
" Gene Green",2016,TX29,1798928,72.5," D",1798928
" Eddie Bernice Johnson",2016,TX30,382090,77.9," D",382090
" John Carter",2016,TX31,1050388,58.4," R",1077705
" Mike Clark",2016,TX31,27317,36.5," D",1077705
" Pete Sessions",2016,TX32,2392920,71.1," R",2400747
" Cherie Myint Roughneen",2016,TX32,4638,0," R",2400747
" Gary Stuard",2016,TX32,3189,10," 3",2400747
" Marc Veasey",2016,TX33,1402920,73.7," D",1432790
" Monte Mark Mitchell",2016,TX33,29870,0," R",1432790
" Filemon Vela",2016,TX34,1215319,0," D",1215319
" Lloyd Doggett",2016,TX35,1061653,63.1," D",1194029
" Susan Narvaiz",2016,TX35,132376,31.6," R",1194029
" Brian Babin",2016,TX36,1051102,88.6," R",1051102
" Rob Bishop",2016,UT01,989853,65.9," R",989853
" Chris Stewart",2016,UT02,911495,61.6," R",1498473
" Charlene Albarran",2016,UT02,586978,33.9," D",1498473
" Jason Chaffetz",2016,UT03,1403089,73.5," R",1458152
" Stephen P Tryon",2016,UT03,55063,0," D",1458152
" Mia Love",2016,UT04,5377438,53.8," R",7473820
" Doug Owens",2016,UT04,2096382,41.3," D",7473820
" Peter Welch",2016,VT01,980546,82.5," D",980546
" Rob Wittman",2016,VA01,1037816,59.9," R",1084321
" Matt Rowe",2016,VA01,46505,36.6," D",1084321
" Scott W Taylor",2016,VA02,839485,0," R",867377
" Shaun Brown",2016,VA02,27892,0," D",867377
" Bobby Scott",2016,VA03,767331,66.7," D",841648
" Martin Williams",2016,VA03,74317,0," R",841648
" Donald McEachin",2016,VA04,792091,57.7," D",938784
" Mike Wade",2016,VA04,146693,42," R",938784
" Jane Dittmar",2016,VA05,1385632,41.6," D",2032724
" Tom Garrett",2016,VA05,647092,0," R",2032724
" Bob Goodlatte",2016,VA06,1777615,66.6," R",1934547
" Kai Degner",2016,VA06,156932,33.2," D",1934547
" Dave Brat",2016,VA07,1259401,57.5," R",1487133
" Eileen McNeil Bedell",2016,VA07,227732,0," D",1487133
" Don Beyer",2016,VA08,1904692,68.4," D",1985871
" Charles Hernick",2016,VA08,81179,27.3," R",1985871
" Morgan Griffith",2016,VA09,836092,68.6," R",938141
" Derek Kitts",2016,VA09,102049,28.3," D",938141
" Barbara Comstock",2016,VA10,5279626,52.7," R",8101192
" LuAnn Bennett",2016,VA10,2821566,46.9," D",8101192
" Gerry Connolly",2016,VA11,2017377,87.9," D",2016224
" Joseph F Galdo",2016,VA11,-1153,0," 3",2016224
" Suzan DelBene",2016,WA01,1997270,55.4," D",2025220
" Robert Sutherland",2016,WA01,27950,44.6," R",2025220
" Rick Larsen",2016,WA02,957187,64," D",957187
" Jaime Herrera Beutler",2016,WA03,1366402,61.8," R",1478977
" Jim Moeller",2016,WA03,112575,38.2," D",1478977
" Daniel Milton Newhouse",2016,WA04,1266399,0," R",1341451
" Clint Didier",2016,WA04,75052,42.4," R",1341451
" Cathy McMorris Rodgers",2016,WA05,3245571,59.6," R",3589037
" Joe Pakootas",2016,WA05,343466,40.4," D",3589037
" Derek Kilmer",2016,WA06,2137492,61.5," D",2146073
" Todd Anthony Bloom",2016,WA06,8581,0," R",2146073
" Pramila Jayapal",2016,WA07,2987189,56," D",3455624
" Joe McDermott",2016,WA07,468435,0," D",3455624
" Dave Reichert",2016,WA08,1655867,60.2," R",1687289
" Santiago Ramos",2016,WA08,31422,0," D",1687289
" Adam Smith",2016,WA09,921267,72.9," D",953964
" Doug Basler",2016,WA09,32697,27.1," R",953964
" Dennis Heck",2016,WA10,1544147,0," D",1544147
" David McKinley",2016,WV01,1147264,69," R",1168458
" Mike Manypenny",2016,WV01,21194,31," D",1168458
" Alex Mooney",2016,WV02,1750908,58.2," R",2231909
" Mark Hunt",2016,WV02,481001,41.8," D",2231909
" Evan Jenkins",2016,WV03,1269625,67.9," R",1423974
" Zane Lawhorn",2016,WV03,89482,8.1," L",1423974
" Matt Detch",2016,WV03,64867,24," D",1423974
" Paul Ryan",2016,WI01,19811897,65," R",19836201
" Ryan Solen",2016,WI01,23749,30.2," D",19836201
" Jason Lebeck",2016,WI01,555,0," L",19836201
" Mark Pocan",2016,WI02,1038788,68.7," D",1077071
" Peter Theron",2016,WI02,38283,31.2," R",1077071
" Ron Kind",2016,WI03,2105216,98.9," D",2105216
" Gwen Moore",2016,WI04,1010484,76.7," D",1013435
" Andy Craig",2016,WI04,2951,11.2," L",1013435
" F James Sensenbrenner Jr.",2016,WI05,384927,0," R",470201
" Khary Penebaker",2016,WI05,85274,29.3," D",470201
" Glenn S Grothman",2016,WI06,1036745,0," R",1263847
" Sarah Lloyd",2016,WI06,191932,37.3," D",1263847
" Jeffery J Dahlke",2016,WI06,35170,0," I",1263847
" Sean P Duffy",2016,WI07,2296295,0," R",2412571
" Mary Hoeft",2016,WI07,116276,38.3," D",2412571
" Mike Gallagher",2016,WI08,2757473,62.7," R",4561474
" Tom Nelson",2016,WI08,1804001,37.3," D",4561474
" Liz Cheney",2016,WY01,2206006,60.3," R",2391660
" Ryan Greene",2016,WY01,185654,29.2," D",2391660
